1,"Elementary Rules",1,15
2,"Meaning of Words and Phrases",16,19
3,"Meaning and Use of Words",20,25
4,"Agreement of the Subject and Verb",26,30
5,"Accusative with Infinitive",31,36
6,"Accusative with Infinitive",37,41
7,"Nominative with Infinitive",42,46
8,"Adjectives",47,57
9,"Adjectives, Adverbs",58,64
10,"The Relative",65,76
11,"The Relative",77,83
12,"Correlatives",84,93
13,"The Infinitive as Noun",94,99
14,"Final Clauses",100,105
15,"Consecutive Clauses",106,116
16,"Ut, Nē, Introducing a Noun Clause",117,128
17,"Quōminus, Quīn, Verbs of Fearing",129,139
18,"Commands and Prohibitions",140,146
19,"Remarks on Moods, The Subjunctive used Independently",147,153
20,"Interrogative Sentences",154,162
21,"Interrogative Sentences",163,171
22,"Dependent Interrogative",172,176
23,"Tenses of the Indicative",177,194
24,"How to Translate Can, Could, May, Might, Shall, Must etc.",195,202
25,"Cases",203,220
26,"Apposition",221,227
27,"Accusative",228,235
28,"Cognate Accusative",236,241
29,"Dative",242,250
30,"Dative",251,253
31,"Dative",254,256
32,"Dative",257,261
33,"Ablative",262,271
34,"Ablative",272,280
35,"Ablative",281,286
36,"Genitive",287,292
37,"Genitive",293,298
38,"Genitive",299,302
39,"Genitive",303,304
40,"Genitive",305,310
41,"Place, Space",311,319
42,"Expressions of Time",320,328
43,"Prepositions",329,331
44,"Prepositions with the Ablative",332,333
45,"Pronouns, Personal and Demonstrative",334,348
46,"Pronouns, Reflexive and Emphatic",349,356
47,"Pronouns, Indefinite",357,364
48,"Pronouns, Īdem, alius etc.",365,381
49,"Gerund and Gerundive",382,394
50,"Gerund and Gerundive",395,400
51,"The Supines",401,404
52,"Participles",405,418
53,"The Ablative Absolute",419,426
54,"Temporal Clauses, General Rules, Cum",427,435
55,"Temporal Clauses, Dum, Dōnec, Priusquam etc.",436,443
56,"Ōrātiō Oblīqua",444,449
57,"Conditional Clauses",450,459
58,"Conditional Clauses",460,468
59,"Conditional Clauses in Ōrātiō Oblīqua",469,476
60,"Concessive Clauses",477,481
61,"Causal and Explanatory Clauses",482,487
62,"Comparative Clauses",488,497
63,"Quī-Clauses, Final and Consecutive",498,509
64,"Quī-Clauses, Causal and Concessive",510,513
65,"Reported Speeches in Ōrātiō Oblīqua",514,526
66,"Numerals",527,536
67,"The Roman Calendar",537,540
