rule	lat	eng
26	Et ego et tū manūs sustulimus.	Both you and I raised our hands.
26	Et tū et frāter meus manūs sustulistis.	Both you and my brother lifted up your hands.
27	Et tū ades et frāter tuus.	Both you and your brother are here.
28	Appius et soror eius et frāter meus manūs sustulērunt.	Appius and his sister and my brother lifted up their hands.
28	Nunc mihi nihil librī, nihil litterae, nihil doctrīna prōdest.	Now neither do books avail me, nor letters, nor does learning.
29	Neque tū adfuistī neque frāter tuus.	Neither you nor your brother was present.
30	Vult populus Rōmānus.	It is the wish of the Roman people.
30	Exercitus ē castrīs profectus est.	The army started from the camp.
30	Senātus dēcrēvit.	The senate decreed.
30	Magna pars fūgēre.	A large proportion of the men fled.
31	Haec mē fēcisse pudet.	I am ashamed of having done this.
31	Cōnstat Rōmam nōn sine labōre conditam esse.	It is agreed that Rome was not built without toil.
31	Manifēstum est nivem esse albam.	It is plain that snow is white.
32	Hostēs adesse dīxit.	He said that the enemy was near.
32	Respondit sē esse itūrum.	He answered that he would go.
32	Frātrem tuum fortem esse intellegō.	I perceive that your brother is a brave man.
32	Rem ita sē habēre videō.	I see that the fact is so.
32	Sentīmus calēre ignem.	We perceive-by-our-senses that fire is hot.
33	He says that he is not ready.	Sē parātum esse negat.
33	He said he would never do this.	Sē hoc umquam esse factūrum negāvit.
33	He says he has done nothing.	Negat sē quidquam fēcisse.
34	Hoc sē fēcisse negat.	He says that he (himself) did not do this.
36	Sē in Asiā esse dīcit.	He says that he is in Asia.
36	Sē in Asiā esse dīxit.	He said that he was in Asia.
36	Sē in Asiā fuisse dīcit.	He says has been in Asia.
36	Sē in Asiā fuisse dīxit.	He said that he had been in Asia.
36	Sē itūrum esse dīcit.	He says that he will go.
37	Spērat plērumque adulēscēns diū sē vīctūrum esse.	A young man generally hopes to live a long time.
37	Hoc sē factūrum esse minātus est.	He threatened to do this.
38	Spērāvit fore ut id sibi contingeret.	He hoped that this would fall to his lot.
38	Spērō fore ut dēleātur Carthāgō.	I hope that Carthage will be annihilated.
39	Hoc sē facere posse spērat.	He hopes he will be able to do this
40	“Domum,” inquit, “redībō.”	“I will,” says he, “return home.”
40	Domum sē reditūrum esse dīcit.	He says he will return home.
41	Mīlitēs abīre iussit.	He ordered  the soldiers to depart.
41	Tē venīre nōlō.	I do not wish you to come.
41	Tē incolumem rediisse gaudeō.	I rejoice that you have returned safely.
42	Cīvis Rōmānus fierī cupiō.	I am anxious to become a citizen of Rome.
42	Soleō ōtiōsus esse.	I am accustomed to be at leisure.
42	Morī mālō quam servus esse.	I had rather die than be a slave.
43	Dīcitur Cicerō cōnsul fuisse.	Cicero is said to have been consul.
43	Dīcor iūstus esse.	It is said that I am just.
43	Videor esse fortis.	I seem to be brave.
43	Vidētur esse cactus.	He seems to be blind.
43	Videor tibi cārus esse.	It seems that I am dear to you.
44	Trāditur Homērus caecus fuisse.	There is a tradition that Homer was blind.
44	Trādunt Homērum caecum fuisse.	There is a tradition that Homer was blind.
45	Cōnstituit Caesar cōnsul fierī.	Caesar determined to become consul.
45	Cōnstituit Caesar ut Antōnius cōnsul fieret.	Caesar determined that Antony should be made consul.
45	Voluit Caesar Antōnium cōnsulem fierī.	Caesar determined that Antony should be made consul.
46	Caesarī nūntiātum est adesse Gallōs.	News was brought to Caesar that the Gauls were at hand.
46	Haec mihi facere vīsum est.	I resolved to do this.
47	Et pater mihi et māter mortuī sunt.	Both my father and mother are dead.
47	Et ego et soror mea ad praetōrem vocātī erāmus.	Both my sister and I had been summoned to the praetor.
48	Fidēs tua et pietās laudandae sunt.	Your good faith and dutifulness are to be praised.
48	Glōria, dīvitiae, honōrēs incerta ac cadūca sunt.	Glory, riches, and distinctions are uncertain and perishable things.
48	Fidēs et pietās laudanda sunt.	Good faith and a sense of duty are to be praised.
48	Spernendae igitur sunt dīvitiae et honōrēs.	Riches then, and distinctions, are to be despised.
48	Mihi prīncipātus atque imperium dēlātum est.	The sovereignty and chief power were offered to me.
49	Terrās omnēs et maria perlūstrāvit.	He travelled over all lands and seas.
50	Bonī sapientēsque ex cīvitāte pelluntur.	The good and wise men are being banished.
50	Iam nostrī aderant.	Our soldiers were now at hand.
50	Omnia mea mēcum portō.	I am carrying all my property with me.
53	Vēra et falsa.	Truth and falsehood
53	Vēra dīcēbat.	He was speaking the truth.
54	Magna spērābat.	His hopes were high.
54	Multa cōgitābat.	He was revolving many thoughts.
54	Illa ausus est.	He ventured on those enterprises.
54	Multa mentītus est.	He told many falsehoods.
54	Haec secūtus est.	This was his object.
54	Quae mentītus est?	What falsehoods has he told?
55	Cicerōnis est amīcus.	He is the friend of Cicero.
55	Cicerōnī est amīcus.	He is friendly to Cicero.
55	Multa fuēre eius et praeclāra facta.	Many and distinguished were his deeds.
55	Multa ab eō praeclārē facta sunt.	Many distinguished things were performed by him.
56	Multae nāvēs longae.	Many ships of war.
58	Rēs aliēnae.	The affairs of others.
58	Condiciō servīlis.	The condition (or state) of slavery.
58	Vir fortis.	A man of courage.
58	Pugna Cannēnsis.	The battle of Cannae.
58	Populus Rōmānus.	The people of Rome.
58	Vir fortissimus.	A man of the greatest courage.
59	Corporis dolor.	Bodily pain.
59	Omnium iūdiciō.	By a unanimous verdict.
59	In hōc omnium lūctū.	In this universal mourning.
59	Meā ūnīus sententiā.	By my single vote.
59	Post hominum memoriam.	Within human memory.
60	Summus mōns.	The top of the mountain
60	In mediam viam.	Into the middle of the road.
60	Reliquum opus.	The rest of the work.
60	Īma vallis.	The bottom of the valley.
60	Novissimum agmen.	The rear of the line of march.
60	Tōta Graecia.	The whole of Greece.
60	Summa temeritās.	The height of rashness.
61	Invītus haec dīcō.	I say this unwillingly.
61	Tacitus haec cōgitābam.	I was meditating silently on these subjects.
61	Imprūdēns hūc vēnī.	I came here unawares.
61	Incolumis rediī.	I returned safely, or in safety.
61	Absēns condemnātus est.	He was condemned in his absence.
61	Tōtus dissentiō.	I disagree wholly.
61	Frequentēs convēnēre.	They came together in crowds.
61	Vīvus.	In his lifetime
61	Mortuus.	After his death
61	Dīversī fūgēre.	They fled in different directions.
62	Prīmus haec fēcit.	He was the first who did this, or to do this.
62	Sōlus mala nostra sēnsit.	He was the only person who perceived our evils.
62	Ultimus vēnisse dīcitur.	It is said that he was the last to come.
63	Hoc puer  didicī.	I learned this lesson in my boyhood.
63	Hoc cōnsul vōvit.	He made this vow in his consulship.
63	Victor rediit.	When victorious he returned.
64	Piē.	With a good conscience.
64	Dīvīnitus.	By a supernatural interposition.
64	Omnīnō.	Speaking in general, as a general rule, etc.
64	Nūllō negōtiō.	Easily.
64	Dubitārī nōn potest quīn	Indisputably.
64	Opportūnē accidit ut...	Fortunately.
64	Fierī potest ut...	Possibly.
64	Errāre tē manifēstum est.	You are obviously mistaken.
64	Aegrōtāre vidēris.	You are apparently unwell.
65	Mulierem aspiciō quae piscēs vēndit.	I see a woman who is selling fish.
65	Ubi est puer cui librum dedistī?	Where is the boy to whom you gave the book?
65	Adsum quī fēcī.	I, who did the deed, am here.
66	Pater eius et māter quī aderant.	His father and mother who were present.
66	Dīvitiae et honōrēs quae cadūca sunt.	Riches and distinctions, which are perishable.
67	Tīmoleōn, id quod difficilius putātur, sapientius tulit secundam quam adversam fortūnam.	Timoleon, though this  is thought the more difficult task, bore prosperity more wisely than adversity.
67	Multae cīvitātēs ā Cyrō dēfēcērunt, quae rēs multōrum bellōrum causa fuit.	Many states revolted from Cyrus; and this was the cause of many wars.
67	Ille, id quod audiistī, Rōmae mortem obiit.	He, as you have heard, died at Rome.
68	Hic est quem vīdī.	This is the man I saw.
68	Librōs quōs voluit repperit.	He found the books he wanted.
69	Volscī cīvitātem, quam habēbant optimam, perdidērunt.	The Volsci lost the best city they had.
69	Equitēs, quōs paucōs sēcum habuit, dīmīsit.	He sent away the few mounted men whom he had with him.
69	Quā erat animī benignitāte, omnibus veniam dedit.	Such was his kindliness, he pardoned all.
70	Is sum quī semper fuī.	I am the man I always was.
71	Quī haec vidēbant, flēbant.	Those who saw this wept.
71	Eīs, quī adstābant, īrāscēbātur.	He was angry with those who stood by.
72	Eum quī haec facit ōdī.	I hate a man who does this.
72	Eōs quī haec faciunt ōdī.	I hate men who do this.
72	Quī haec faciunt, peiōra facient.	Men who are doing this will do worse.
73	Adstantium clāmōre perterritus.	Alarmed by the shouts of the bystanders.
73	Interrogantibus respondit.	He replied to those who questioned him.
75	Quī tum tē dēfendit, is hodiē accūsat.	The very man who then defended you is today accusing you.
76	Quī mē cēpērunt.	My captors.
76	Quī mē vīcit.	My conqueror.
76	Ea quae vēra sunt.	The truth.
77	Est flūmen quod appellātur Tamesis.	There is a river which is called the Thames.
77	Mulierem aspiciō quae piscēs vēndit.	I see a woman who is selling fish.
77	Ait sē mulierem aspicere quae piscēs vēndat.	He says that he sees a woman who is selling fish.
78	Ad rēgem vēnī, quem cum vīdissem...	I came to the king, and when I had seen him...
79	Dīxit prōditōrem esse eum ... quem brevī peritūrum esse.	He said that he was a traitor ... and that he would soon perish.
80	Nēmō est quīn tē dēmentem putet.	There is no one but thinks you mad (= the whole world thinks, etc.)
80	Nēmō fuit quīn vīderim.	There was no one whom I did not see.
81	Prīmus haec fēcit.	He was the first who did this.
82	Agricolam laudat iūris lēgumque perītus.	It is the farmer whom the lawyer praises.
83	Thēbae, quod Boeōtiae caput est.	Thebes, which is the capital of Boeotia.
83	Ea vēra est pietās.	That is true piety.
84	Tālis est quālis semper fuit.	He is of the same character as he has ever been.
84	Tantam habeō voluptātem quantam tū.	I have as much pleasure as you.
84	Tot erant mīlitēs quot maris flūctūs.	The soldiers were as many as the waves of the sea.
84	Īdem est quī semper fuit.	He is the same as he has always been.
84	Rēs perācta est eōdem modō quō anteā.	The thing has been done in the same manner as before.
85	Quot adstābant hominēs, tot erant sententiae.	There were as many opinions as there were men standing by.
85	Quālis fuit domina, tālem ancillam inveniēs.	You will find the maid of the same character as her mistress was.
87	Huius modī hominēs ōdī.	I hate such men as these.
88	Haec tanta multitūdō.	This great number of men.
88	Hic tam bonus vir.	So good a man as this.
89	Inde vēnistī, unde ego.	You have come from the same place as I.
89	Eō rediit, unde profectus est.	He returned to the place from which he had set out.
90	Eadem ac tū sentiō.	My views are the same as yours.
91	Rēs aliter quam exspectāvī ēvēnit.	The matter turned out contrary to my expectation.
93	Ubi tū es, ibi est frāter tuus.	Your brother is in the same place as you.
93	Quālis fuerit frāter tuus, tālem tē esse dīcunt.	They say that you are of the same character as your brother was.
94	Sedēre mē dēlectat.	Sitting delights me.
95	Nihil agere mē dēlectat.	Doing nothing is a pleasure to me.
95	Turpe est mentīrī.	Lying is disgraceful.
95	Homō cui vīvere est cōgitāre.	Man, to whom living is thinking.
95	Errāre, nescīre, et malum et turpe dūcimus.	To err, to be ignorant, we deem both unfortunate and disgraceful.
95	Laudārī, quod plērīsque grātissimum est, mihi molestissimum est.	To be praised, which is very pleasant to most men, is to me most disagreeable.
96	Bene arāre est bene colere.	Good ploughing is good farming.
96	Haec perpetī et patriā carēre, miserrimum est.	To endure these things and to be deprived of one’s country, is most wretched.
96	Haec facere (fēcisse, factūrum esse).	The doing (the having done, the being about to do) this.
96	Tē hoc dīcere mihi est grātissimum.	Your saying this is most welcome to me.
101	Multī aliōs laudant, ut ab illīs laudentur.	Many men praise others, that they may be praised by them.
101	Multī aliōs laudābant, ut ab illīs laudārentur.	Many men were praising others, in order to be praised by them.
101	Gallīnae avēsque reliquae pennīs fovent pullōs, nē frīgore laedantur.	Hens and other birds cherish their young with their feathers, that they may not be hurt by the cold.
101	Gallīnae avēsque reliquae pennīs fovēbant pullōs, nē frīgore laederentur.	Hens and other birds were cherishing their young with their feathers, that they might not be hurt by the cold.
102	Medicō puto aliquid dandum esse, quō sit studiōsior.	I think that something should be given to the physician, that he may be the more attentive.
103	Hoc fēcī nē tibi displicērem nēve amīcīs tuīs nocērem.	I did this to avoid displeasing you, or injuring your friends.
105	Haec scrībō (scrīpsī, scrībam, scrīpserō) ut bonō sīs animō.	I write (have written, shall write, shall have written) this, in order that you may be in good spirits.
105	Haec scrībēbam (scrīpsī, scrīpseram) ut bonō essēs animō.	I was writing (wrote, had written) this, in order that you might be in good spirits.
105	Dīcō eum vēnisse ut pācem peteret.	I say he came to seek peace.
107	Nēmō tam potēns est ut omnia efficere possit.	Nobody is so powerful as to be able to perform everything.
107	Tanta vīs probitātis est ut eam vel in hoste dīligāmus.	Such is the force of honesty that we love it even in an enemy.
108	Puer humī prōlāpsus est ut crūs frangeret.	The boy fell down so as to break his leg.
108	Hoc eō cōnsiliō dīxī ut tibi prōdessem.	I said this to be of use to you (Final Clause).
108	Hoc ita dīxī ut tibi prōdessem.	I said this to be of use to you (Consecutive Clause).
108	Ut multitūdō solet, concurrunt.	They are running together, as a multitude is wont to do.
108	Tālis fuit ut nēmō eī crēderet.	He was of such a character that no one believed him.
108	Tālis fuit quālem nēmō anteā viderat.	He was of such a character as no one had seen before.
109	Tanta fuit virī moderātiō ut repugnantī mihi nōn īrāscerētur.	The self-control of the man was so great, that he was not angry with me when I opposed him.
109	Portae clausae sunt nē quis urbem relinqueret.	The gates were shut that no one might leave the city.
109	Tantus fuit omnium metus ut nēmō urbem relīquerit.	The fear of all men was so great that no one left the city.
111	Ita bonus est ut interdum peccet.	He is good to this extent, that he makes mistakes sometimes.
111	Nec perīre potes ut nōn aliōs perdās.	Nor can you be ruined without ruining others.
112	Hoc eum adeō terruit ut vix hodiē prōdīre audeat.	This so terrified him that he scarcely ventures to come forward today.
112	Verrēs Siciliam ita perdidit ut ea restituī nōn possit.	Verres so ruined Sicily that it cannot now be restored.
113	Tanta fuit pestis ut rēx ipse morbō absūmptus sit.	The pestilence was so great that the King himself was cut off by the disease.
114	Adeō territī sumus ut numquam posthāc pugnātūrī sīmus.	We were so frightened that we shall never fight again.
114	Dīxit sē adeō territōs esse ut numquam posteā pugnātūrī essent.	He said that they had been so frightened that they would never fight again.
115	Tanta fuit caedēs ut ... nēmō superfutūrus fuerit.	The slaughter was such that no one would have survived.
116	Hoc ita faciō (fēcī, faciam) ut tibi displiceam.	I do (am doing, have done, will do) this in such a way as to displease you.
116	Hoc ita fēcī (faciēbam, fēceram) ut tibi displicērem	I did (was doing, had done) this in such a way as to displease you.
116	Hoc ita fēcī ut tibi displiceam.	I did this in such a way as to be displeasing to you now.
116	Hoc ita fēcī ut tibi displicuerim.	I did this in such a way so that, as a matter of fact, I displeased you.
116	Dīxit sē hoc ita fēcisse ut tibi displicēret.	He said that he did this in such a way as to displease you.
116	Hoc ita fēcī ut tibi displicitūrus sim.	I have done this in such a way that I shall displease you.
117	Tē rogō atque ōrō ut eum iuvēs.	I ask and beg you to help him.
118	Mihi nē quid facerem imperāvit.	He ordered me to do nothing.
118	Hoc tē rogō, nē dēmittās animum.	I beg of you not to be disheartened.
118	Magnō opere tē hortor ut hōs librōs studiōsē legās.	I earnestly advise you to read these books attentively.
118	Helvētiīs persuāsit ut exīrent.	He persuaded the Helvetii to depart.
118	Cōnsulī permissum est ut duās legiōnēs scrīberet.	The consul was permitted to enroll two legions.
120	Cōnsul mīlitēs pedem referre iussit.	The consul ordered the soldiers to retreat.
121	Culpam fateāre necesse est.	You must needs avow your fault.
121	Hoc faciās velim.	I would have you do this.
124	Moneō adesse hostem.	I warn you that the enemy is at hand.
124	Nē hoc faciās moneō.	I warn you not to do this.
124	Mihi persuāsum est fīnem adesse.	I was persuaded that the end was near.
124	Mihi persuāsum est nē hoc facerem.	I was persuaded not to do this.
124	Mihi scrīpsit sē ventūrum esse.	He wrote me word that he would come.
124	Mihi scrīpsit nē ad sē venīrem.	He wrote to me to beg me not to come to him.
125	Effēcit nē ex urbe exīrent.	He prevented their leaving the city.
125	Effēcit nē poenās daret.	He contrived not to be punished.
126	Accidit ut nēmō senātor adesset.	It happened that no senator was present
126	Ex quō factum est ut bellum indīcerētur.	The consequence of this was that war was declared.
127	Cāsū accidit.	It happens by chance.
127	Ēvenit.	It happens.
127	Ita fit.	Thus it happens.
127	Quī fit?	How happens it? How is it?
127	Fierī potest.	It can happen. It is possible. Possibly.
127	Nūllō modō fierī potest.	It is quite impossible.
127	Sequitur, proximum est.	It follows. The next thing is.
127	Reliquum est, restat.	It remains.
128	Tantum abest ut nostra mīrēmur, ut nōbīs nōn satisfaciat ipse Dēmosthenēs.	So far are we from admiring our own works, that Demosthenes himself does not satisfy us.
129	Atticus, nē qua sibi statua pōnerētur, restitit.	Atticus opposed having any statue raised to himself.
129	Nāvēs ventō tenēbantur quōminus in portum redīrent.	The ships were prevented by the wind from returning into harbour.
130	Caesar mīlitēs pedem referre vetuit.	Caesar forbade his soldiers to retreat.
130	Nōn recūsō abīre.	I do not object to going.
131	Plūra nē dīcam impedior.	I am prevented from saying more.
131	Per tē stetit quōminus vincerēmus.	You were the cause of our not winning the day.
131	Nōn recūsābō quōminus tē in vincula dūcam.	I will not object to taking you to prison.
131	Germānī retinērī nōn poterant quīn tēla conicerent.	The Germans could not be restrained from hurling their weapons.
132	Vix inhibērī potuit quīn saxa iaceret.	He could scarcely be prevented from throwing stones.
132	Num quis obstat quīn vēra dīcas?	Does anyone prevent your telling the truth?
133	Quīn tū tacēs?	Why do you not keep silent?
133	Quīn Deciōs aspice.	Look at the Decii.
134	Nihil tam difficile est quīn investīgārī possit.	Nothing is so difficult that it cannot be discovered.
134	Nec multum āfuit quīn interficerēmur.	And we were not far from losing our lives.
134	Nūllō modō fierī potest quīn errem.	It is quite impossible that I am not mistaken, or but that I am, etc.
134	Facere vix potuī quīn tē accūsārem.	It was scarcely possible for me not to accuse you.
134	Nec eum umquam adspexit, quīn frātricīdam compellāret.	And she never beheld him without calling him a fratricide.
135	Nōn dubium erat quīn plūrimum Helvētiī possent.	There was no doubt that the Helvetii were the most powerful.
135	Quis dubitat quīn hoc fēcerīs?	Who doubts but that you did this?
136	Dubitō num veniat.	I am uncertain whether he is coming.
137	Vereor nē veniat.	I fear that he will come.
137	Vereor ut veniat.	I fear that he will not come.
137	Meritus sum ut venīret.	I feared that he would not come.
137	Perīculum erat nē hostēs urbem expugnārent	There was a danger of the enemy’s taking the city.
137	Vereor nē exercitum firmum habēre nōn possit.	I fear he cannot have a strong army.
138	Vereor ut hoc tibi prōfutūrum sit.	I am afraid that this is not going to do you good.
139	Caesar timēbat flūminī exercitum obicere.	Caesar was unwilling to expose his army to the river.
140	Ad mē venī.	Come to me.
140	Audīte hoc.	Hear this.
141	to be included?	x
142	Postrēmus loquāris, prīmus taceās.	Be you the last to speak, the first to be silent.
143	Nōlī hoc facere.	Do not do this.
143	Cavē nē hoc faciās.	Do not do this.
143	Nē dubitāverīs.	Do not hesitate.
143	Nē multa discās, sed multum.	Do not learn many things, but learn deeply.
144	Nē veniat.	Let him not come.
145	Exeat nēve plūra dīcat.	Let him go out and say no more.
145	Hoc facitō; illud nē fēcerīs, nēve dīxerīs.	Do this; do not do or say that.
146	Dē hāc rē tū vīderis.	I leave this to you.
146	Vīderint sapientiōrēs.	Let wiser men, decide.
147	Istam nē relīquerīs!	Do not leave her!
147	Dī prohibeant.	May the gods forbid.
147	Sī veniās, videās.	If you should come, you would see.
149	Abeat.	Let him go away.
149	Amēmus patriam.	Let us love our country.
149	Nē dubitāverīs.	Do not hesitate.
149	Nē veniat.	Let him not come.
149	Sit fūr.	Granted that he is a thief.
149	Fuerit malus cīvis.	Suppose he was a bad citizen.
149	Quō mē nunc vertam?	Where am I now to turn?
149	Nōnne argentum redderem? Nōn redderēs.	Ought I to have returned the money? You ought not.
150	Sīs fēlīx!	May you be happy!
150	Utinam adessēs!	Would that you were here!
150	Utinam potuissem!	Would I had been able!
150	Quod utinam nē faciātis!	And may you never do this!
151	Hanc viam sī asperam esse negem, mentiar.	If I were to deny that this road is rough, I would lie.
151	Sī faciās, peccēs.	If you were to do it, you would sin.
151	Sī facerēs, peccārēs.	If you were doing it, you would be sinning.
151	Sī fēcissēs, peccāvissēs.	If you had done it, you would have sinned.
152	Hoc tū dīcere audeās?	Would you dare to say this?
152	Migrantēs cernās.	One would see them leaving.
152	Crēderēs victōs.	You have thought they were vanquished.
152	Dīcat aliquis.	Someone would say.
152	Vix crēdiderim.	I should scarcely believe.
152	Velim adsīs.	I should wish you were here.
152	Vellem adessēs.	I wish you had been here.
153	Potuī hoc facere.	I might have done this.
153	Hoc dēbuistī facere.	You ought to have done this.
153	Ille interficiendus erat, sī hoc fēcisset.	He ought to have been killed if he had done this.
153	Haec omnia dīcere longum est.	It would be a lengthy task to tell the whole story.
154	Cur vēnit?	Why did he come?
154	Quid faciam?	What am I to do?
154	Num id fēcissēs?	Would you have done it?
156	Scrībitne Gaius?	Is Gaius writing?
156	Praetōremne accūsās?	Is it a praetor whom you are accusing?
156	Mēne fugis?	Is it from me that you are fleeing?
156	Num putās?	Surely you don’t fancy, do you?
156	Nōnne putās?	Surely you do fancy, don’t you?
157	Quid fēcit?	What has he done?
157	Quod facinus admīsit?	What sort of crime has he committed?
157	Num quis est quī...	Is there anyone who...
157	Quantum cibī?	How much food?
157	Quotus quisque est disertus	How few men are eloquent.
157	Quoūsque tandem?	To what point, I ask?
157	Quae tandem causa?	What possible cause?
159	Utrum hostem, an ducem, an vōsmet ipsōs culpātis?	Is it the enemy, or your general, or yourselves that you blame?
159	Servīne estis an līberī?	Are you slaves or freemen?
159	Erum vīdistī an ancillam?	Did you see the master or the maid?
159	Hoc illudne fēcistī?	Did you do this or that?
161	An servī esse vultis?	Or is it that you wish to be slaves?
162	Vīsne hoc facere? Velle sē, nōlle sē, respondit.	Are you ready to do this? He answered “yes,” “no.”
162	Num hoc fēcistī?	Have you then done this?
162	Negō.	I answer “no.”
162	Fēcī, inquam.	I answer “yes.”
162	Aiō.	I say “yes.”
163	Quis es?	Who are you?
163	Cūr hoc fēcistī?	Why have you done this?
163	Rogō quis sit	I ask who he is.
163	Dīc mihi cūr hoc fēcerīs	Tell me why you did this.
164	Quis eum occīdit?	Who killed him?
164	Quis eum occīderit quaerō.	I ask who killed him.
165	Quid faciendum sit moneō monēbōque.	I warn and will warn you what you ought to do.
165	Quandō esset reditūrus metuī.	I had fears as to when he would return.
165	Cūr haec fēcerit mīror.	I wonder why he did this.
165	Incertum est num hoc vērum sit.	It is uncertain whether this is true.
167	Epamīnōndās quaesīvit salvusne esset clipeus.	Epaminondas asked whether his shield was safe.
167	Dīc mihi num eadem quae ego sentiās.	Tell me if you have the same opinion as I.
167	Quaesīerās ex mē, nōnne putārem, etc.	You had inquired of me whether I did not suppose, etc.
168	Utrum servī sītis an līberī nihil rēfert.	It matters not whether you are slaves or free.
168	Servīne sītis an līberī nihil rēfert.	It matters not whether you are slaves or free.
168	Servī sītis an līberī nihil rēfert.	It matters not whether you are slaves or free.
168	Itūrus sit necne, rogābimus.	We shall ask whether or not he is about to go.
169	Difficile hoc est, tamen haud scio an fierī possit.	This is difficult, yet I incline to think that it is possible.
169	Nescio quis venit.	Someone is coming.
169	Nescio quis veniat.	I do not know who is coming.
170	Forte cecidit.	He happened to fall.
170	Forte abest.	He is accidentally absent.
170	Forsitan absit.	Perhaps he is absent.
170	Nescio an absit.	Perhaps he is absent.
170	Fortasse abest.	Perhaps he is absent.
171	Moriēre sī haec fēceris.	You shall die if you do this.
171	Num haec fēcerīs rogō.	I ask if you did this.
171	Seu vult seu nōn vult, ībit.	He shall go, whether he likes it or no.
171	Utrum velit an nōlit rogō.	I ask whether he likes it or not.
171	Aut sapiēns est aut stultus.	He is either a wise man or a fool.
171	Utrum sapiēns sit an stultus nescio.	I don’t know whether he is a wise man or a fool.
173	Quaerō ab tē cūr Cornēlium nōn dēfenderem.	I ask you why I was not to defend Cornelius.
173	Quid causae fuerit postrīdiē intellēxī.	I realised next day what the reason was.
173	Quandō esset reditūrus rogāvī.	I asked when he would return.
174	Quot essent hostēs, quantās habērent opēs, quandō domō profectī essent, rogāvit.	He asked the number of the enemy, the magnitude of their resources, the date of their departure from home.
174	Quāle ac quantum sit perīculum dēmōnstrat.	He explains the nature and extent of the danger.
174	Quālis sit, quem ad modum senex vīvat, vidētis.	You see the kind of man he is, his manner of life in his old age.
174	Haec rēs quō ēvāsūra sit, exspectō.	I am waiting to see the issue of this matter.
174	Quam repentīnum sit hoc malum intellegō, unde ortum sit nescio.	I perceive the suddenness of this danger, its source I know not.
175	Quī in rēpūblicā versantur.	Politicians.
175	Quī litterīs dant operam.	Students.
175	Quī patrem meum occīdērunt.	My father’s murderers.
175	Quī mē salvum volunt.	My well-wishers.
175	Quī reī pūblicae praesunt.	The government.
175	Quī ante eum rēgnāverant.	His predecessors on the throne.
176	Hī sunt quī patrem tuum occīdērunt.	These are your father’s murderers.
176	Quī patrem suum occīderint nescit.	He knows not who were his father’s murderers.
176	Quae vērē sentiō dīcam.	I will utter my real sentiments.
176	Quae vērē sentiam dīcam.	I will tell you what are my real sentiments.
179	Sulla suōs hortātur ut fortī animō sint.	Sulla exhorts (= exhorted) his men to be stout-hearted. (Primary Sequence.)
179	Subitō ēdīcunt cōnsulēs ut ad suum vestītum senātōrēs redīrent.	The consuls suddenly publish (= published) an edict, that the senators were to return to their usual dress. (Secondary Sequence.)
180	Dum Rōmānī tempus terunt, Saguntum captum est.	While the Romans were wasting time, Saguntum was captured.
181	Iamprīdem cupiō abīre.	I have long been desiring to depart.
181	Cōpiae quās iam diū comparābant, aderant.	The forces which they had long been collecting, were at hand.
182	Hoc nī properē fit...	Unless this is done at once...
182	Antequam dīcere incipiō...	Before I begin to speak...
184	Caesar armīs rem gerere cōnstituit, vidēbat enim inimīcōrum in diēs maiōrem fierī exercitum, reputābatque, etc.	Caesar decided to have recourse to arms, for he saw the army of his personal enemies increasing daily and he reflected, etc.
185	Barbarī saxa ingentia dēvolvēbant.	The barbarians began to roll down huge stones.
185	Stābat imperātor immōtus.	The general continued to stand motionless.
185	Haec puerī discēbāmus.	When we were boys we used to learn this.
185	Huius modī hominēs adulēscens admīrābar.	These were the men whom I admired in my youth.
186	Interim cottīdiē Caesar Aeduōs frūmentum flāgitāre; ... diem ex diē dūcere Aeduī ... dīcere, etc.	Meanwhile Caesar was daily importuning the Aedui for provisions; they kept putting off day after day, asserting, etc.
187	Vīxērunt.	They have lived (= they are now dead).
188	Hoc compertum, cognitum, explōrātum habeō.	I have found out, ascertained, made sure of this.
188	Hunc hominem iamdiū nōtum habeō.	I have long known this man.
191	Dum hīc erō tē amābō.	As long as I am here, I shall love you.
191	Facitō hoc ubi volēs.	Do this when you please.
191	Tum, quī poterunt, veniant.	Then let those come who are able to.
192	Sī tē rogāverō aliquid, nōnne respondēbis?	If I put any question to you, will you not answer?
192	Cum Tullius rūre redierit, ad tē eum mittam.	When Tullius returns from the country, I will send him to you.
192	Quodcumque imperātum erit, fīet.	Whatever is ordered shall be done.
192	Quae cum fēcerō, Rōmam ībō.	When I have done this, I shall go to Rome.
193	Cum eō vēnerat, locō dēlectābātur.	As often as he came there, he was charmed with the situation.
193	Quōs vīderat ad sē vocābat.	Whomsoever he saw he summoned to him.
196	Hoc facere possum (poterō).	I can do this.
196	Hoc facere poteram (potuī).	I could have done this.
197	Fierī potuit ut effugerēmus.	There was a possibility of our escaping.
197	Fierī nōn potest quīn hoc faciāmus.	It is impossible for us not to do this.
198	Hoc mihi facere licet (licēbit).	I may do this.
198	Hoc mihi facere licēbat (licuit).	I might have done this.
198	Hoc faciās licet.	You may do this.
198	Hoc tibi per mē facere licuit.	I should have allowed you to do this.
198	Hoc per mē faciās licēbit.	I shall leave you free to do this.
199	Hoc facere dēbēs (dēbēbis).	You should do this.
199	Hoc facere dēbuistī (dēbēbās).	You should have done this.
199	Hoc tē facere oportet (oportēbit).	You ought to do this.
199	Hoc tē facere oportēbat (oportuit).	You ought to have done this.
199	Hoc facerēs oportuit.	You should have done this.
200	Tibi currendum est.	You must run.
200	Tibi currendum fuit.	You ought to have run.
200	Cīvibus ā tē cōnsulendum est.	You ought to take heed for your fellow citizens.
200	Haec tibi facienda sunt (erunt).	You ought to do this.
200	Haec tibi facienda erant (fuērunt).	You ought to have done this.
201	Tibi moriendum est (erit).	You must die (will have to die).
201	Tibi moriendum fuit (erat).	You had to die.
202	Aliīs licet ignāvīs esse, vōbīs necesse est virīs fortibus esse.	Others may be cowards, you must needs be brave men.
212	Hōrā eum septimā vīdī.	I saw him at the seventh hour.
212	Gladiō eum interfēcī.	I slew him with a sword.
212	Rōmā profectus est.	He set out from Rome.
213	Rōmae	at Rome
213	Londinī	at London
216	Brūtus Caesarem interfēcit.	Brutus killed Caesar.
216	Caesar ā Brūtō interfectus est.	Caesar was killed by Brutus.
217	Nēminī ā nōbīs nocētur.	No one is hurt by us.
217	Puerō imperātum est ut rēgem excitāret.	The servant was ordered to wake the king.
217	Tibi ā nūllō crēditur.	You are believed by no one.
217	Glōriae tuae invidētur.	Your glory is envied.
217	Ad urbem pervēnimus.	We reached the city.
217	Iam ad urbem perventum est.	The city was now reached.
218	In urbe maximē trepidātum est.	The greatest confusion reigned in the city.
218	Ad arma subitō concursum est.	There was a sudden rush to arms.
218	Ācriter pugnātum est.	The fighting was fierce.
219	Huic culpae ignōscī potest.	It is possible to pardon this fault.
219	Resistī nōn potuit.	Resistance was impossible.
219	Iam pugnārī coeptum est.	The fighting has now begun.
219	Urbs obsidērī coepta est.	The siege of the city was begun.
219	Veterēs ōrātiōnēs legī dēsitae sunt.	The old speeches ceased to be read.
221	Tē ducem sequimur.	We follow you as our leader.
221	Tē quasi Deum sequimur.	We follow you as though as God.
222	Ūsus, magister ēgregius.	Experience, an admirable teacher.
222	Philosophia, magistra mōrum.	Philosophy, the teacher of morals.
223	Urbs Veiī.	The city of Veii.
223	Īnsula Cyprus.	The island of Cyprus.
223	Athēnās, urbem inclutam.	The renowned city of Athens.
223	Lībertās, rēs pretiōsissima.	The precious possession of freedom.
223	Cum exercitū tīrōne.	With a newly levied army.
223	Nēmō pictor.	No painter.
223	Nēmō Rōmānus.	No Roman.
224	Catō, vir doctissimus.	The learned Cato.
224	Frāter tuus, vir fortissimus.	Your gallant brother.
224	Catilīna, homō perditissimus.	The abandoned Catiline.
224	Haec ille, homō innocentissimus, perpessus est.	This is what he, in spite of being a perfectly innocent man, endured.
224	Tē hominem levissimum ōdit.	He hates so trifling a person as you.
225	Māter tē appellō.	I your mother call you.
225	Hoc facitis Rōmānī.	This is what you Romans do.
226	Brūtus et Cassius, spēs nostra, occidērunt.	Brutus and Cassius, our only hope, have fallen.
226	Thēbae, Boeōtiae caput, paene dēlētum est.	Thebes, the capital of Boeotia, was nearly annihilated.
227	Exstīnctō Pompeiō, quod huius reī pūblicae lumen fuit.	After the death of Pompey who was the light of this commonwealth.
227	Ad Leucopetram, quod agrī Rēgīnī prōmunturium est.	Near Leucopetra which is a promontory in the territory of Regium.
229	Urbem oppugnō, expugnō, obsideō, circumsedeō.	I assault, storm, blockade, invest, a city.
229	Caesarem conveniō, circumveniō.	I have an interview with, defraud, Caesar.
229	A tē circumventus sum.	I was defrauded by you.
229	Cōpiās Hellēspontum trānsdūxit.	He led his forces over the Hellespont.
229	Cōpiae Rhēnum trāiectae sunt.	The forces were transported across the Rhine.
230	Quis mūsicam docuit Epamīnōndam?	Who taught Epaminondas music?
230	Nihil nōs cēlat.	He conceals nothing from us.
230	Verrēs parentēs pretium prō sepultūrā līberum poscēbat.	Verres used to demand of parents a payment for the burial of their children.
230	Meliōra deōs flāgitō.	I implore better things of the gods.
230	Racilius mē prīmum rogāvit sententiam.	I was the first whom Racilius asked for his opinion.
231	Dē hīs rēbus Caesarem docet.	He informs Caesar of these facts.
231	Haec ā vōbīs postulāmus atque petimus.	We demand and claim this of you.
231	Haec ab tē poposcī.	I have made this request of you.
231	Haec omnia ā tē precāmur.	We pray for all these things from you.
231	Dē hāc rē tē rogō.	I ask you about this.
231	Hoc tē cēlātum volō.	I want you kept in the dark about this.
232	Pars stupet innūptae dōnum exitiāle Minervae.	Some are amazed at the deadly gift of virgin Minerva.
233	Longam indūtus vestem.	Having put on a long garment.
233	Ōs impressa torō.	Having pressed her face upon the couch.
233	Trāiectus femur trāgulā.	Having had his thigh pierced with a dart.
233	Ōs umerōsque deō similis.	Like a god in face and shoulders.
234	Ōrātōrem īrāscī minimē decet, simulāre nōn dēdecet.	It by no means becomes an orator to feel anger, it is not unbecoming to feign it.
234	Eum factī suī neque pudet neque paenitet.	He feels neither shame nor remorse for his deed.
235	Mē hās iniūriās questum mittunt.	They send me to complain of these wrongs.
236	Hunc cursum cucurrī.	I ran this race.
236	Multa proelia pugnāvī.	I have fought many battles.
237	Longam vītam vīxī.	Long is the life I have led.
237	Hās notāvī notās.	I set down these marks.
237	Illud tibi assentior.	In this I agree with you.
237	Nihil mihi succēnset.	He is in no way angry with me.
237	Idem glōriātur.	He makes the same boast.
237	Multa peccat.	He commits many sins.
237	Hoc laetor.	This is the cause of my joy.
239	Mē mātrem tuam appellant.	They call me your mother.
239	Mē cōnsulem creant.	They make me consul.
239	Sē virum bonum praestitit.	He proved himself a good man.
239	Ego māter tua appellor.	I am called your mother.
239	Quantum gēns genti virtūte praestat!	How much one race excels another in courage!
240	Haec rēs mē sollicitum habuit.	This made me anxious.
240	Mare īnfēstum habuit.	He infested (beset) the sea.
240	Haec missa faciō.	I dismiss these matters.
240	Hoc cognitum habeō.	I am certain of this.
240	I consider you as my friend.	Tē amīcōrum in numerō habeō.
240	I look on this as certain.	Hoc prō certō habeō.
240	I behaved as a citizen.	Mē prō cīve gessī.
241	Miserum hominem!	Wretched man!
241	Ō spem vānissimam!	Foolish hope!
244	Frūmentum eīs suppeditāvit.	He supplied corn to them.
244	Haec tibi mōnstrō.	I show this to you.
244	Poenās mihi persolvet.	He shall pay me the penalty.
244	Mortem mihi minātus est.	He threatened me with death.
244	Hanc rem tibi permīsī or mandāvī.	I entrusted you with this.
244	Haec peccāta mihi condōnāvit.	He pardoned me for these offences.
244	Facta sua nūllī probāvit.	He won no one’s approval for his acts.
244	Vītam nōbīs adimunt.	They are robbing us of life.
245	Fortibus favet fortūna.	It is the brave whom fortune favours.
245	Haec rēs omnibus hominibus nocet.	This fact injures the whole world.
245	Lēgibus pāruit cōnsul.	He obeyed the law in his consulship.
245	Victīs victor pepercit.	He spared the vanquished in the hour of victory.
245	Mihi repugnātur.	I am resisted.
245	Tibi diffīditur.	You are distrusted.
245	Nūbō virō.	I marry a husband.
245	Dūcō uxōrem.	I marry a wife.
246	Fortūna fortēs adiuvat.	Fortune helps the bold.
246	Librīs mē dēlectō.	I amuse myself with books.
246	Offendit nēminem.	He offends nobody.
246	Haec laedunt oculōs.	These things hurt the eyes.
247	Hoc tibi dīcere libet.	It suits your fancy to say this.
248	Hostēs timet	He fears the enemy.
248	Fīliō timet pater.	The father fears for his son.
248	Fūrem pōmis timet agricola.	The farmer fears the thief for his apples.
248	Senātum cōnsulit.	He consults the senate.
248	Reī pūblicae cōnsulit.	He considers the interests of the state.
248	Fossās cavet.	He is on his guard against the ditches.
248	Veterānīs cāverat.	He had taken care for the veterans.
248	Caveō ab tē.	I am on the lookout against you.
248	Tempestātem prōspicit.	He foresees a storm.
248	Sibi prōspicit.	He looks out for himself.
248	Crēdō hoc tibi.	I entrust this to you.
248	Crēdō tibi.	I believe you.
248	Crēdō tē hoc fēcisse.	I believe you have done this.
248	Philosophiae vacat.	He has leisure for philosophy.
248	Culpā vacat.	He is free from fault.
249	Hanc cīvitātem lēgēs moderantur.	This state is governed by law.
249	Fac animō moderēris.	Be sure you restrain your temper.
249	Ab inermibus temperātum est.	The unarmed were spared.
250	Cicerōnī immortālitātem dōnāvit, Cicerōnem immortālitāte dōnāvit.	(The Roman people) conferred immortality on Cicero.
250	Circumdat mūrum urbī, circumdat urbem mūrō.	He surrounds the city with a wall.
